t, x, z, xf, vf, P11, P12, P22
0.000000, 1.000000, 1.000000, 0.600004, 0.200018, 0.600004, 0.200018, 0.400081
